Team,Opponent,Match_Time,Location,Division
St Albans 9 (M),Luton Town 3,10:30,Home,Division 7 South West
St Albans 6 (M),Potters Bar 2,12:00,Home,Division 5 South West
St Albans 3 (M),Royston 1,13:30,Home,Division 2 South West
St Albans 2 (M),Harleston Magpies 1,14:00,Home,Premier Division
St Albans 8 (M),Bedford 7,15:00,Home,Division 6 South West
St Albans (M),Nottingham Trent University M1,18:00,Home,Open - Men's Conference Midlands
St Albans 5 (M),Letchworth 3,10:30,Away,Division 4 South West
St Albans 4 (M),Hertford 3,13:30,Away,Division 3 South West
St Albans 7 (M),Old Haberdashers M1,14:30,Away,Division 5 South West
